EntityType,Name,NameKey,Price,ScrapedAtUtc
driver,Verstappen,verstappen,22.0,2026-03-16T09:29:09.010042+00:00
driver,Hadjar,hadjar,14.0,2026-03-16T09:29:09.010042+00:00
driver,Russell,russell,19.0,2026-03-16T09:29:09.010042+00:00
driver,Antonelli,antonelli,14.0,2026-03-16T09:29:09.010042+00:00
driver,Leclerc,leclerc,18.0,2026-03-16T09:29:09.010042+00:00
driver,Hamilton,hamilton,15.5,2026-03-16T09:29:09.010042+00:00
driver,Gasly,gasly,6.0,2026-03-16T09:29:09.010042+00:00
driver,Colapinto,colapinto,4.0,2026-03-16T09:29:09.010042+00:00
driver,Norris,norris,23.0,2026-03-16T09:29:09.010042+00:00
driver,Piastri,piastri,22.0,2026-03-16T09:29:09.010042+00:00
driver,Alonso,alonso,9.0,2026-03-16T09:29:09.010042+00:00
driver,Stroll,stroll,6.0,2026-03-16T09:29:09.010042+00:00
driver,Hulkenberg,hulkenberg,8.0,2026-03-16T09:29:09.010042+00:00
driver,Bortoleto,bortoleto,5.0,2026-03-16T09:29:09.010042+00:00
driver,Lawson,lawson,6.0,2026-03-16T09:29:09.010042+00:00
driver,Lindblad,lindblad,3.5,2026-03-16T09:29:09.010042+00:00
driver,Sainz,sainz,9.0,2026-03-16T09:29:09.010042+00:00
driver,Albon,albon,9.0,2026-03-16T09:29:09.010042+00:00
driver,Bearman,bearman,9.0,2026-03-16T09:29:09.010042+00:00
driver,Ocon,ocon,7.5,2026-03-16T09:29:09.010042+00:00
driver,Perez,perez,8.0,2026-03-16T09:29:09.010042+00:00
driver,Bottas,bottas,8.0,2026-03-16T09:29:09.010042+00:00
